comment_id,post_id,user_id,comment_content,comment_timestamp
1,111,1,znhhkagrjr,2023-11-22 13:18:02
2,162,1,rnorqaabom,2024-09-25 15:42:26
3,145,4,jstligmtaj,2024-08-27 21:35:26
4,70,10,xyhdzhkjmd,2023-06-18 15:44:43
5,150,5,lrixzdnzuo,2023-02-22 04:42:32
6,64,9,txbluzkztm,2024-05-29 02:34:39
7,14,2,ozwfzqnbcu,2023-05-04 23:55:45
8,122,4,wroaikzkaw,2024-09-02 00:17:17
9,106,1,jnsehzxlyv,2023-04-28 19:11:40
10,95,7,odiqnpokpl,2023-08-28 08:44:06
11,182,1,dlnfiwrxwt,2024-08-23 01:16:05
12,179,9,ahwnmbobvu,2023-08-08 07:36:19
13,68,10,azltxnbtoq,2024-01-05 14:51:44
14,87,1,gwyabuwcis,2023-11-08 02:32:04
15,77,8,bbqihhvzkj,2023-06-28 12:24:57
16,108,10,wnujhedkyl,2023-01-18 19:01:39
17,58,2,ntewqidxsf,2024-04-26 02:18:09
18,182,10,jyqmonaqhh,2023-02-21 01:09:21
19,121,7,gcgwlcbixf,2023-02-06 19:36:24
20,23,1,dpzwujlomn,2024-04-08 17:04:55
21,189,9,pkicfamvck,2023-10-25 19:44:05
22,69,3,iohsugnmjx,2024-06-17 23:40:56
23,156,7,dbcozhetyf,2024-03-26 09:09:44
24,70,2,terhdrkjjx,2023-06-19 06:09:45
25,98,9,hdrodrinjy,2024-05-06 12:36:50
26,7,10,pkwgnbvqkc,2024-05-03 09:21:23
27,86,9,zntzgmawni,2024-10-30 02:34:15
28,173,7,fywqcogvsf,2023-10-26 14:47:44
29,114,10,afbxmojamy,2024-09-12 19:36:13
30,17,7,achoqlqvca,2023-02-16 14:32:05
31,3,4,dwwpaalnih,2023-06-24 04:02:32
32,146,6,qzqjzfrlxs,2024-05-03 21:59:32
33,189,1,beckmfvkce,2024-03-10 01:09:02
34,200,1,xefiunranh,2023-03-26 00:00:14
35,119,3,vmcemnyagy,2023-09-30 01:43:28
36,65,10,rvxcqgrsun,2024-07-23 00:59:16
37,86,1,rwlpbvfinp,2023-04-28 10:27:47
38,33,1,qnzmurfmxo,2024-05-03 13:28:18
39,171,7,rmzvudepyt,2024-06-24 22:53:57
40,173,1,wxbaiyqtgh,2023-06-22 12:09:22
41,52,8,gatfpuxrwb,2023-01-31 01:52:57
42,13,1,fpejsowgen,2023-04-15 07:26:30
43,19,5,hpawbvqglh,2023-10-02 17:25:22
44,185,7,nichmguhcg,2023-03-19 12:46:10
45,180,6,fiyksawuif,2023-09-15 04:13:19
46,21,8,radnbauuks,2023-01-19 15:39:07
47,191,10,fftdxlinwg,2023-04-30 03:20:09
48,177,8,mtjyneunyg,2023-10-02 03:15:45
49,12,9,cbghmhtlfj,2024-05-14 17:00:10
50,16,6,ueyjpxtyxz,2023-01-20 05:21:39
51,146,9,edrolxjcun,2024-03-03 05:04:51
52,38,2,ltgnywtwhe,2023-12-14 03:12:37
53,140,4,elliifhord,2023-12-05 05:44:24
54,32,7,rlrtayrris,2023-05-23 00:55:07
55,153,4,wybzziatka,2024-07-16 03:50:04
56,71,8,tvmjigbsnl,2024-09-14 22:56:40
57,45,6,xsvbbjxpzs,2024-01-10 21:55:10
58,9,4,mdfugtqrhx,2024-03-23 02:40:08
59,63,8,qndwdxwsmi,2023-05-29 20:14:29
60,53,3,fqojzpigdw,2023-04-12 03:11:27
61,66,4,mmgjuhgmbm,2023-06-24 01:54:54
62,11,1,wtbdathcye,2023-11-26 12:05:26
63,111,10,kesnraxrpx,2024-06-04 14:13:17
64,99,10,dqlnxcgrwk,2023-03-27 18:07:28
65,119,2,ovfbqkseit,2023-10-10 10:53:05
66,118,4,zviowptfsw,2024-08-24 13:52:35
67,139,9,zjbekjwppd,2023-03-27 07:43:40
68,3,4,wcjvrvtpxg,2024-09-17 22:37:49
69,2,3,lntkqvevol,2024-02-05 12:57:46
70,39,1,dcegtazsgn,2024-08-05 18:27:23
71,82,3,lasurycvod,2023-02-08 08:56:21
72,22,9,xzhbvzgcen,2024-04-12 00:09:47
73,138,7,dmhgcotuyf,2023-02-14 04:33:23
74,24,4,opadqhuebu,2024-01-21 12:11:28
75,85,1,pltbdfrzlx,2023-01-22 15:34:49
76,135,1,dwburpyucq,2023-10-25 00:41:53
77,158,10,djpktdpihl,2023-04-25 11:51:58
78,129,5,gqizleennm,2023-12-23 08:12:37
79,114,8,unqudxvcpg,2024-09-20 13:20:59
80,192,9,mwgguqymrw,2024-01-21 17:20:07
81,83,5,ihnhqkgmda,2023-03-05 22:46:49
82,62,1,vjtrjvguac,2023-03-05 00:02:20
83,132,2,tqgoajhcai,2023-10-29 07:33:18
84,16,5,knewnvsbsx,2023-12-23 17:39:28
85,18,3,dmorxkaolh,2024-04-10 14:51:18
86,178,6,knnddvffbx,2024-07-20 14:00:48
87,8,1,icmchwwajc,2023-01-04 13:38:24
88,6,10,wiemaajmkr,2023-09-30 14:58:28
89,189,6,isrmysdefd,2024-05-15 18:03:39
90,81,6,lotxilknfk,2024-04-13 03:25:31
91,164,6,ghnvcpdeqr,2023-11-19 17:37:41
92,41,4,olryjhonyz,2024-08-27 14:12:06
93,175,8,wyslidvdcc,2024-09-19 02:43:16
94,175,8,meqabbrqzf,2024-08-07 10:10:52
95,164,1,klydcmyohc,2023-06-21 23:20:14
96,46,10,eptwcmggqd,2023-10-28 06:58:48
97,20,8,fqpcyvzdtw,2024-04-05 03:17:26
98,84,6,jzvdiybrzk,2024-03-13 05:49:44
99,122,8,lmrcvngvuu,2024-10-03 22:28:12
100,158,5,rylpcyxber,2024-06-29 22:19:16
101,147,9,gjpwedzanq,2023-12-31 06:47:29
102,103,5,lbdprtwoyk,2024-04-27 00:32:04
103,30,3,wqumbejcei,2023-01-10 03:24:25
104,7,7,qeymkdsetk,2024-05-19 22:50:05
105,8,8,hskkvirnid,2023-09-02 16:21:02
106,7,9,ckajpwjocj,2023-06-17 14:01:31
107,50,8,zrrtiyfvja,2023-01-20 17:30:14
108,79,1,iooafqarnw,2024-06-06 09:27:08
109,180,9,osnilaroye,2023-02-03 15:22:45
110,104,3,kjejzzeaxs,2023-12-28 16:23:41
111,110,9,ojwhpsjcww,2023-06-26 19:20:44
112,81,1,uilksiwovv,2023-03-31 01:18:19
113,62,9,qilstinxva,2023-10-06 23:34:15
114,11,7,gjdqvkgcow,2024-09-13 10:22:38
115,193,1,kkzcttxort,2024-09-07 14:58:43
116,33,10,yopczuhkii,2024-07-23 06:32:38
117,114,4,ruccyqoznx,2023-09-12 22:37:16
118,124,4,mnikkgpagc,2023-01-30 11:34:30
119,105,6,qicyfcowrf,2024-07-03 21:10:40
120,36,1,gukmtehmwo,2023-09-21 04:06:34
121,53,10,kjfdtwkxta,2023-11-10 13:26:39
122,12,5,frmeilwamb,2023-09-03 22:23:56
123,106,8,lgxuxgoczh,2023-07-18 20:28:26
124,126,5,mwxckfaamz,2023-10-16 10:21:01
125,68,5,khalnhacvs,2023-04-02 12:16:12
126,102,4,saatrzywbw,2024-03-11 02:06:17
127,14,7,vuecsnosru,2023-08-20 02:01:31
128,20,6,ryftcjnvgy,2023-10-22 20:55:31
129,20,6,rtqjbdcbbr,2024-05-03 15:08:00
130,97,6,uwwoehvpsr,2023-03-15 22:45:54
131,198,2,sbjnypnchr,2023-11-15 14:05:04
132,29,4,lryfthjawd,2023-04-10 12:12:53
133,154,2,aaofsenpvv,2024-07-15 19:44:59
134,40,1,uojamdujdz,2023-12-31 10:31:06
135,17,3,mtlolhzvwf,2024-09-05 13:46:09
136,77,4,bcwctbpexu,2023-08-28 10:59:25
137,178,4,lywqsswjfd,2024-04-21 05:43:30
138,190,2,hywgrscjur,2023-07-28 06:39:03
139,123,5,tdjxegelqe,2023-05-18 20:54:39
140,180,1,rcrnvrctzf,2023-02-28 02:54:27
141,192,4,stmgknlntx,2024-03-12 00:46:01
142,86,10,ngaikvaflf,2023-06-23 01:00:45
143,107,3,lffannzumu,2023-12-28 06:41:29
144,46,6,wlmuxuewcs,2023-12-27 16:21:20
145,8,7,oasdfrdgib,2023-09-21 08:51:29
146,68,7,jzzuqxqelr,2023-08-14 20:54:39
147,85,9,ypcsrevhqa,2023-02-16 06:58:25
148,130,9,ukhgtftizx,2024-09-23 03:32:47
149,33,6,ksfniujqlg,2024-10-27 17:05:33
150,85,1,uefeyxizud,2023-07-30 18:24:14
151,133,9,msgnzsyjjq,2023-07-26 08:59:06
152,172,6,hziczlebhk,2023-02-24 15:25:48
153,97,3,obzcokrkqu,2024-03-27 03:17:51
154,62,1,rsyyltzjwv,2024-03-30 21:02:39
155,144,8,dgsvklikcr,2024-02-05 12:07:23
156,136,7,aszwtqstri,2024-05-09 08:24:15
157,191,3,azaeplunau,2024-01-23 15:05:06
158,155,6,dxflwkydpq,2024-02-12 02:45:11
159,173,10,lsdsbzjzte,2024-10-22 19:36:19
160,191,1,kwsxldaowc,2023-06-07 05:21:00
161,38,10,fgflxdnyhr,2023-06-26 21:28:30
162,132,1,obhsjxsmmh,2024-07-19 14:56:36
163,91,1,kjvqqmzuoq,2023-10-01 23:50:02
164,170,1,humjvamtfh,2023-04-10 09:26:29
165,177,8,kkgpfejblp,2024-09-29 23:39:44
166,139,3,cpncgoubee,2024-10-25 17:02:20
167,189,7,xzoatldhbl,2024-07-26 17:08:24
168,64,7,jzztsbtlqo,2023-08-30 02:12:49
169,169,6,efcnoxzkvm,2024-10-03 18:01:58
170,25,7,soaisargnk,2023-08-05 21:01:24
171,139,2,xppedfrfst,2024-03-15 13:21:07
172,141,9,jtnztucimb,2023-05-07 18:01:10
173,3,7,coukvitehu,2024-10-30 19:31:47
174,84,6,ovfdshjlbj,2024-05-12 18:24:12
175,191,6,sobhdkomvz,2024-08-01 00:50:07
176,195,1,gqowtyclim,2024-05-08 03:42:58
177,24,5,idibmwqnbx,2024-10-13 11:17:44
178,73,1,sjkavtayju,2023-05-27 08:28:39
179,105,7,vigiymtvrg,2024-07-29 19:48:48
180,129,10,mvkisfcnms,2023-01-09 02:55:07
181,50,8,djrwlzioxy,2024-10-11 00:45:45
182,180,7,shmekkdkga,2023-12-12 03:17:57
183,94,10,udykdoejvg,2023-12-31 20:21:28
184,38,7,mpzicszcgi,2023-06-17 12:57:08
185,26,9,heakdedogv,2024-08-25 15:46:48
186,47,9,xuzrhyvigh,2024-03-10 19:08:46
187,141,1,zxsgtjkcgv,2023-07-02 03:59:50
188,85,1,vlqremvfqb,2024-03-24 09:11:53
189,132,8,tchgesuuht,2023-10-29 12:01:55
190,68,5,heerkdvnen,2023-05-24 23:18:53
191,9,5,tselbwuerc,2023-05-06 04:25:40
192,90,2,xfwhmxyqhj,2024-06-01 00:41:46
193,126,6,xvccsuvlso,2024-06-19 18:45:42
194,140,7,awuyfsnqzr,2023-12-06 20:52:41
195,68,9,vkebugaesv,2024-05-15 00:47:45
196,133,6,warvkwbjtb,2023-08-20 08:28:04
197,66,10,cbojplcugt,2024-09-29 01:12:42
198,46,3,gftsoxgmar,2023-10-03 12:50:08
199,121,2,ymcgtbelse,2023-09-21 17:11:56
200,141,2,ugyppwmmdl,2024-08-25 21:10:48
201,194,1,vejivnkxes,2024-10-15 20:33:51
202,33,10,jivchrspzh,2023-05-05 23:31:34
203,168,8,hddqotksjv,2023-10-22 02:10:23
204,129,8,hqnrsoepmj,2023-04-18 03:18:22
205,188,4,lzlpszrhxj,2023-05-28 01:11:31
206,60,7,yamjgilqfd,2023-08-14 07:33:16
207,8,1,yayveksqfb,2023-07-28 19:19:11
208,70,2,flxfvvijgn,2023-05-19 08:47:32
209,158,4,obqogtzwzm,2023-03-01 16:02:32
210,114,1,iwiqeexyoy,2023-07-22 03:20:56
211,3,3,mpdqarmwnl,2024-02-02 01:45:04
212,196,9,vgdbmmnxah,2024-04-14 12:15:47
213,193,5,ksvvavlvtk,2023-10-30 04:15:17
214,74,9,zdwdphhblm,2024-03-14 05:01:57
215,69,8,ssqutgrobu,2024-08-17 12:59:35
216,171,8,jljzfafiqe,2024-04-25 09:41:25
217,156,10,pekoclkkiw,2023-10-05 20:42:03
218,5,6,ydzhgvxylg,2023-02-08 11:20:30
219,30,7,brniuktnnq,2023-01-02 09:07:08
220,96,3,vuakwvomol,2023-12-13 21:47:37
221,68,5,ljykwcwdwy,2024-03-21 17:06:46
222,126,1,pciyxsjhsd,2023-03-16 00:38:34
223,84,3,okrgyyijnd,2023-08-08 14:30:59
224,101,6,qqegxvauno,2024-07-09 03:21:16
225,74,8,zgcwjeetpa,2024-03-24 13:59:42
226,129,9,scrxkvyqoz,2023-01-15 09:38:07
227,55,3,uuspzogdks,2024-06-28 14:03:44
228,71,1,mdbxdziaew,2023-06-01 05:47:47
229,58,3,rbiqmatokg,2023-04-06 00:08:10
230,63,10,msgdshozft,2023-01-21 01:14:17
231,2,7,uaxcpttyiy,2024-08-10 21:08:59
232,127,7,vkvhhyttah,2023-03-19 21:23:27
233,52,2,mbugirgobh,2024-07-05 22:55:02
234,31,3,scavgomrbz,2024-10-01 10:17:08
235,7,7,hygzildqua,2023-09-12 13:38:35
236,27,1,jvjgrfivvv,2024-06-27 05:11:09
237,186,4,iujbmsedsd,2023-11-15 11:26:30
238,96,8,jugnrsyozx,2023-07-22 03:47:22
239,70,5,ntwrbbrutj,2023-07-02 02:26:09
240,27,3,usthmctrkg,2023-08-18 19:02:21
241,172,2,bbuyosqhkp,2024-08-07 10:05:37
242,29,4,caahkjcseq,2023-01-04 04:36:27
243,158,1,hudrbcskxb,2024-10-20 07:54:05
244,52,8,hcgsyhjryy,2023-01-27 10:23:22
245,90,8,ozsecdeazz,2023-01-26 18:49:49
246,128,1,eqyqdswjob,2024-06-05 04:47:36
247,196,7,lidedarjvn,2023-08-09 01:53:01
248,186,3,djoqsoyheg,2024-03-01 17:06:59
249,27,1,xmsgycikdj,2024-03-14 16:30:33
250,44,8,wwpiomymwz,2024-02-15 18:22:38
251,88,5,xocefzacon,2024-02-10 12:29:28
252,175,4,akktmxlqgy,2024-10-06 10:29:57
253,124,5,gwtpatvkfc,2023-07-31 10:01:53
254,24,3,tmribxtvft,2023-07-28 19:27:44
255,65,7,glsyttmgrk,2024-03-22 12:54:02
256,6,9,nbbteopkhz,2023-03-01 09:27:47
257,14,7,ysheznmycm,2023-01-01 14:39:47
258,10,2,xpygoeqoiw,2024-09-10 04:18:15
259,111,7,yabdussqos,2023-11-21 11:06:10
260,26,8,iajgdjaqxx,2024-06-13 15:38:33
261,98,2,lugtyglimk,2023-10-01 02:45:08
262,20,6,iqxzegozwz,2023-07-17 09:31:48
263,161,3,enmwahnyua,2023-07-26 18:00:38
264,63,5,etxmebuusx,2024-02-26 09:23:10
265,200,9,sghsekwshv,2024-07-27 11:31:44
266,175,4,gtxhdyiazx,2023-01-09 05:46:17
267,8,5,ddavktinqe,2024-06-22 17:52:19
268,41,5,odzkisbrjk,2023-03-16 17:21:04
269,21,9,uvcouiuofj,2023-09-13 01:15:27
270,33,5,amhuxtffdz,2023-07-21 23:39:51
271,41,3,ddxuwyyubm,2023-06-29 04:58:58
272,158,4,oqtugtpeqw,2023-02-11 02:23:24
273,15,9,gmdlbqzijb,2023-03-23 10:59:29
274,89,8,wkxrlpybco,2024-08-23 22:22:53
275,13,10,hnbrmimhql,2024-10-20 00:56:47
276,57,7,vocfoiqnbu,2023-08-04 05:32:16
277,136,1,fpnfxwcoww,2024-07-25 13:35:56
278,143,7,uiavmkvvux,2024-01-18 11:33:24
279,188,1,blzvmpjhyo,2024-01-12 12:33:59
280,80,2,pebgubqthr,2023-08-29 07:27:01
281,11,8,zmurhfpbdw,2024-06-04 16:46:44
282,185,1,trpfseupvb,2024-03-02 12:19:40
283,164,9,hvmwmluwdu,2023-08-27 13:51:39
284,35,9,plocivtrwm,2024-06-21 08:58:10
285,93,3,rkgfdtkuly,2023-02-16 14:25:43
286,57,1,wiparvtmvj,2023-03-30 11:45:56
287,174,8,vpcndoicbg,2023-09-08 02:55:46
288,72,10,yjxbxfydiy,2024-08-08 16:15:21
289,35,5,vlendffyrn,2023-02-05 10:22:04
290,169,7,rcyxheltgl,2024-07-24 21:42:32
291,168,4,vdnnviwobv,2024-04-08 16:30:20
292,14,9,wumtwgyojh,2024-02-20 19:10:27
293,91,1,cpvsveynhj,2023-09-18 06:09:19
294,52,6,luwilhuqqf,2023-08-07 18:45:38
295,117,5,erlptkldhj,2024-07-09 19:38:04
296,192,4,bwjagvihbs,2024-09-10 00:02:41
297,48,2,pxfcimnwbr,2023-09-18 06:20:16
298,15,6,nrzegtwcmf,2023-11-15 22:29:31
299,155,10,mikitjurlu,2024-05-21 05:47:42
300,141,5,jegitivqba,2024-08-29 13:52:56
301,42,3,cjiejwtydd,2024-07-27 09:57:35
302,98,5,zhqujwlbik,2023-10-13 10:19:27
303,30,8,ldhukhckmc,2023-08-18 00:27:40
304,27,5,cgpmhncfvf,2024-10-08 21:39:58
305,73,8,ifqvwusxct,2024-02-03 18:50:31
306,159,1,flznbmdemv,2024-08-04 21:23:48
307,103,1,snhfpktebo,2023-03-17 01:27:12
308,67,6,luxmywruuj,2024-08-12 18:02:36
309,6,2,rcxahrrbci,2024-09-03 20:01:07
310,66,8,bvfdvrtfwx,2024-08-26 17:30:54
311,11,4,jczcgsbzgt,2024-06-22 04:42:16
312,2,4,atqrldnsyw,2023-01-31 00:29:23
313,137,6,qanvineaii,2024-04-30 05:47:06
314,53,6,hscalhmszf,2024-05-14 20:42:10
315,120,7,wlievdaloi,2023-05-16 11:56:12
316,97,9,hvthvbnnof,2024-01-25 18:42:18
317,23,9,lktimwmggz,2023-01-19 06:52:51
318,168,2,lwwovtmkip,2024-02-13 19:52:31
319,47,3,uxwlokkeiw,2023-08-25 06:27:45
320,61,10,npvhchkstv,2023-05-17 11:10:24
321,46,1,qrnqyyfelj,2023-06-08 11:39:15
322,180,10,gscdmnxwkg,2023-04-30 04:37:21
323,77,5,xdmfqasdxa,2024-09-14 14:16:32
324,196,1,lduudpnhrb,2024-08-13 09:23:20
325,185,4,wqkldempuv,2023-08-03 20:05:32
326,171,9,zlmswzhprq,2023-11-12 12:49:21
327,148,9,kehsrwegcj,2023-08-18 07:38:37
328,79,3,gpijxnpsjh,2023-01-08 20:00:37
329,53,5,motpqccfqn,2023-02-25 03:52:36
330,168,5,nmqhfxjvce,2024-06-26 05:50:07
331,78,9,bsjnqyetqb,2023-02-12 06:52:58
332,123,4,munqdvrhlb,2024-01-21 23:52:12
333,184,1,ixmrbpbmpl,2024-03-19 02:03:42
334,116,9,mbaqsmklku,2023-01-26 21:22:47
335,136,8,jryqoumojf,2024-06-13 05:10:29
336,15,4,osogvdroot,2024-08-20 22:54:43
337,94,9,xovwtvjowl,2023-12-10 11:56:54
338,137,1,xrpswowaep,2024-06-12 13:46:05
339,166,10,blzwjrnsny,2024-03-26 12:28:39
340,103,2,fqqsgrsazc,2023-10-06 00:39:30
341,124,6,eybgcwnwow,2023-03-31 22:51:42
342,65,10,sxufatftjr,2023-12-20 21:33:11
343,140,3,ayrwgeordk,2024-07-09 14:03:19
344,151,3,lbaxbxixlf,2024-08-19 19:10:59
345,71,8,lwsgzgkztw,2023-08-16 01:47:22
346,24,5,tbvdzaembp,2023-05-26 20:41:24
347,47,1,ewkhimumwh,2024-06-23 03:03:34
348,72,7,ldsabcgcso,2023-11-13 00:13:56
349,140,5,nnpsznfqxb,2023-06-12 10:08:47
350,74,6,izjxkbsrqm,2024-07-28 16:33:32
351,104,1,yrlgzimnyg,2024-02-10 19:45:51
352,169,4,swftmpvdqz,2023-12-12 14:39:41
353,50,1,kqndggptcn,2023-11-03 18:02:24
354,142,2,ojzdlylwsg,2024-07-04 02:47:22
355,120,1,ealtvjaiux,2024-05-21 03:50:33
356,134,5,hpmyepqlko,2023-04-19 07:36:04
357,121,2,jxdoviupai,2023-01-26 14:01:19
358,183,8,zpcjpdmdah,2023-12-06 15:05:53
359,66,4,ippvlwairv,2023-05-23 18:47:25
360,101,2,hbaglxlskr,2023-02-11 11:45:16
361,12,5,fovbfwkyjz,2023-04-25 01:36:58
362,61,6,eosufsxnjb,2024-01-29 11:35:45
363,55,4,jqzorezsqt,2024-06-12 11:23:34
364,104,9,dvlzgqdcbi,2023-12-29 00:39:05
365,104,6,ffxisrppez,2023-11-12 19:10:00
366,160,1,mktfylwrhd,2024-07-06 09:27:12
367,179,6,jpdpjxjdbb,2023-06-08 16:42:18
368,14,9,igmmfxgheh,2023-08-04 04:08:49
369,164,7,eabyeywtif,2023-03-10 14:16:55
370,198,2,neejvxtqxv,2023-09-30 01:46:32
371,126,4,vcljbqxnou,2024-04-03 10:01:22
372,147,7,iqaqkhxdpq,2023-05-24 12:24:06
373,53,8,dlpeqozemc,2024-04-06 08:49:09
374,137,8,bmzfusozxu,2023-01-23 13:25:31
375,171,4,uuunoiuold,2023-06-17 07:25:00
376,194,2,uwmiidcurr,2023-07-10 15:08:45
377,157,7,qqvbvbvvkh,2023-07-07 03:56:35
378,79,7,obcjtlfgss,2024-06-22 02:22:12
379,138,9,uwqyqqezia,2023-01-19 11:18:18
380,165,1,gsynfikwyl,2023-01-03 21:58:07
381,188,6,azoalslawh,2023-11-30 03:11:24
382,153,7,rwfkisbber,2023-03-23 06:34:17
383,92,3,kawcsuhbca,2024-08-28 22:45:38
384,141,3,sgubxciffy,2023-08-31 13:51:00
385,86,9,lgiirfklai,2024-04-15 04:34:39
386,21,1,mtfqtxtltr,2023-05-26 11:58:29
387,104,3,zwrefvlixx,2024-05-03 23:46:46
388,159,2,dkkpuvsjqa,2023-11-16 19:28:08
389,16,1,yhgrghtuxj,2024-03-03 13:09:11
390,133,4,wptghqxnpz,2024-07-03 02:42:40
391,74,1,upgojpkcto,2024-09-27 18:22:48
392,91,5,azjmseslao,2024-03-23 07:05:40
393,137,6,pjzwwdmkwd,2023-12-15 14:28:43
394,151,1,phuhdigsen,2024-06-27 11:44:34
395,25,3,fypkdskipg,2023-02-24 19:57:46
396,143,7,shcycehmtc,2023-03-06 15:37:14
397,32,3,uqqsixfhzl,2023-11-10 01:37:12
398,89,3,dmptfiztpg,2024-01-08 09:49:25
399,12,9,dzinvvasqt,2023-06-12 18:50:57
400,183,4,gvmtwhvmzl,2023-09-05 17:47:18
401,91,10,qipefujyxu,2023-08-07 18:42:32
402,125,1,peuxmnokrl,2023-03-10 08:04:18
403,163,10,khjckugajj,2023-10-19 06:23:05
404,168,2,jpswtsjtjy,2023-08-16 20:16:56
405,120,2,unyxsephpq,2023-07-10 10:38:06
406,5,5,nabkposlqw,2023-08-12 05:18:18
407,134,3,izchnswxhb,2024-06-24 20:55:43
408,48,3,ljvcmpqsqw,2024-10-21 08:46:39
409,154,1,ffypwvsotx,2024-06-13 22:35:51
410,198,2,nhwvwpmgeg,2023-08-19 12:36:28
411,166,9,dtsmdbbjgv,2023-08-12 04:59:28
412,58,10,vivdyismlb,2023-06-05 05:57:41
413,95,5,btfacrgfvk,2024-03-06 07:33:40
414,10,2,uacffmohep,2023-12-31 21:51:59
415,152,4,dimqmtsryh,2023-11-06 17:24:48
416,27,3,sytthhlmqr,2024-04-18 08:05:04
417,200,8,ihzjlbxhfu,2023-06-05 06:42:06
418,38,5,qkcscuafxu,2023-01-02 04:29:35
419,74,2,wsmwxmsdfd,2024-08-26 00:54:13
420,111,8,pivgjresar,2023-05-16 05:17:32
421,183,3,gxmrddawss,2023-11-02 21:22:04
422,28,5,qmnfyfsbja,2024-06-10 04:20:30
423,133,4,rbpnwkmesm,2023-04-27 15:37:54
424,88,8,bbwcqskiou,2023-09-28 06:42:57
425,193,5,lvowpwlgdb,2024-06-28 13:31:39
426,140,10,csghfofqog,2023-11-08 17:36:09
427,111,2,mhxzqigqae,2023-10-19 19:06:02
428,90,1,navrcndmns,2024-10-10 18:54:18
429,134,2,merrgxtcld,2024-09-18 02:40:29
430,168,10,hqyptqzhyj,2024-05-29 13:23:41
431,132,4,gmcvhonlgy,2024-03-04 03:30:46
432,108,6,hgwuesqfvy,2024-05-27 04:03:22
433,51,8,jifwyfefvu,2024-03-26 13:02:41
434,141,10,yfqfcqwjoy,2024-01-22 10:15:17
435,122,4,fricjdtqqz,2023-12-07 18:27:20
436,130,9,xudwolydwk,2023-08-07 01:13:10
437,124,10,ptphbsfmja,2023-09-07 14:06:12
438,51,9,webbcqbalf,2024-06-15 13:14:47
439,200,8,bgrgoftpns,2023-02-02 04:30:12
440,121,9,wjwyubqbav,2023-05-11 05:11:35
441,133,10,frmufajowh,2024-05-24 19:26:31
442,10,4,jlahjpwrtq,2023-11-23 07:37:16
443,113,4,ejhvkutswb,2023-01-08 22:12:02
444,140,10,owiqzpdzcj,2024-05-06 15:24:47
445,150,9,htfphwzktr,2023-08-12 02:36:52
446,98,2,nnzdzxhqtv,2023-03-15 12:22:15
447,152,5,iiplffcohf,2023-01-16 07:21:26
448,197,3,fxxenqrhqw,2023-06-13 09:24:00
449,138,3,eihwkbqbse,2023-01-07 08:39:05
450,194,8,cjwwfkwncv,2023-08-13 02:34:31
451,187,5,kzawzackqw,2024-06-23 22:27:01
452,72,2,erurtsvkll,2024-03-12 08:27:00
453,121,10,qkpizvetzy,2023-02-23 18:06:24
454,172,8,utpumherhq,2023-03-18 03:37:39
455,11,7,uyhoieyxlj,2024-05-02 04:28:58
456,171,6,kzhpdfsajj,2024-04-30 08:50:34
457,142,10,uaglujriko,2023-12-31 13:54:49
458,55,10,khnlpiroqo,2023-09-23 10:30:24
459,57,10,bznnemakqf,2024-01-27 12:12:04
460,18,2,shxwistbkg,2023-01-26 23:40:23
461,138,4,razoikdnft,2024-01-10 03:39:41
462,51,6,vtogbwumai,2024-09-26 22:52:32
463,171,4,ezfhxwqifg,2023-10-24 06:28:09
464,2,9,szotthheyq,2023-04-19 07:20:00
465,7,6,vblrzthjzp,2023-06-16 01:56:22
466,24,9,cginhclrma,2023-07-22 07:45:03
467,136,6,vigalxvkgl,2024-02-17 16:14:02
468,162,10,zldtwecrno,2024-03-30 22:16:13
469,119,2,ihoihahxio,2024-10-10 10:26:52
470,82,4,tzjzdqtzzb,2024-06-18 05:19:42
471,180,7,rwrmazjcqu,2024-06-15 14:29:54
472,75,4,vwsugzmuxm,2023-02-22 13:21:22
473,200,10,mvecabufet,2024-10-12 08:20:14
474,160,9,iaduvfyhgm,2023-11-14 14:05:38
475,182,2,upgvfkxvlp,2023-02-03 02:17:56
476,189,6,fqxbycjckm,2023-08-11 19:21:32
477,12,1,yegcvzkwla,2023-06-01 17:12:27
478,142,7,nqshfkznkp,2024-07-12 00:20:19
479,171,2,ntugxgorwn,2024-05-22 02:34:38
480,92,9,ydpwctshlf,2023-08-23 05:55:45
481,191,7,ahsfxcefsc,2023-04-07 17:42:09
482,88,5,sywjkqrdiz,2023-11-11 16:35:23
483,147,3,rruefrihpd,2023-01-16 02:49:41
484,10,4,gsgjettmmr,2023-02-14 18:03:25
485,172,5,zcfjtrxbkh,2023-10-14 06:11:45
486,128,7,tgybjzzpry,2024-09-25 14:15:55
487,160,1,cwfwiijthy,2023-01-14 11:26:25
488,129,8,kgbobeyyio,2023-09-19 00:59:54
489,58,1,qjhylxjfac,2024-01-08 12:46:05
490,138,8,sgqqivglng,2024-10-26 14:58:13
491,197,9,dvpladawcq,2024-02-10 21:37:49
492,91,3,wptbylmqol,2024-07-23 15:01:13
493,193,3,jypnlxlvxr,2023-08-28 20:05:09
494,85,1,drywsmuyio,2024-10-14 16:30:48
495,154,9,vlixxplydg,2024-07-14 19:21:34
496,45,9,ckveaqvzes,2023-01-13 17:37:15
497,118,5,zbtiqpgung,2023-02-26 07:04:45
498,120,8,bzhegjjgaa,2023-08-23 21:47:44
499,28,8,tqemstarxx,2023-07-04 20:45:19
500,34,6,qqhescofjf,2024-04-17 07:19:32
501,35,10,xguefkhetn,2023-10-07 01:49:50
502,193,3,ditnwoeump,2023-06-08 22:41:18
503,95,7,mardngjpbd,2024-10-06 14:53:35
504,54,6,nasqzkbcov,2023-02-11 08:58:06
505,129,8,xoqxtmbuwj,2024-06-22 11:26:57
506,174,5,kagbccywua,2024-01-24 09:21:47
507,67,3,fnrjdaksoa,2023-09-05 07:37:49
508,145,5,njtuilwgln,2023-01-05 17:40:28
509,192,9,ppbjpsnklu,2023-01-23 01:11:38
510,162,9,ukxqcqjjcy,2023-04-27 01:11:48
511,47,5,ztoiylofog,2024-09-15 10:24:48
512,27,7,aljaaascsx,2023-12-28 12:10:48
513,78,4,bwfuyojtkn,2023-12-23 03:06:19
514,3,2,dcbfbtgphx,2023-07-20 15:10:52
515,148,10,hnbffnneka,2023-03-30 20:22:05
516,142,8,luwhnwmrtc,2023-10-30 06:52:08
517,15,2,bapapcgarr,2024-01-03 16:57:22
518,194,1,ihqqlmvkoa,2024-07-22 13:20:06
519,108,6,msowyjeqcp,2024-06-28 19:02:39
520,93,1,vxnggtksua,2023-04-04 18:25:17
521,192,9,lmmiatrhyi,2024-04-24 07:15:36
522,174,1,pjffcnpfqz,2024-01-24 22:59:21
523,12,1,mdpdthyefl,2023-06-09 17:17:10
524,92,9,gfzgzzzfvd,2023-09-07 04:52:50
525,62,4,fjfevojmco,2024-05-26 11:28:32
526,169,7,akxuclgbed,2023-07-18 16:24:32
527,108,6,ickvjdpfdg,2023-07-13 19:14:33
528,198,6,qmfmacbwrn,2023-05-23 20:51:59
529,154,7,acabnrmkvr,2024-07-23 02:37:15
530,21,8,ajwhsosrkc,2024-10-13 00:08:30
531,185,6,shdjjdqeqj,2023-07-01 01:55:58
532,191,7,pelbfhicrq,2023-04-07 02:41:12
533,124,9,ntzlhvkxrp,2023-01-31 18:39:46
534,136,5,zdfzhjxrqd,2023-06-13 16:49:22
535,199,9,kjwbnvncyv,2024-06-03 05:43:12
536,193,9,lgrkapxazw,2023-06-13 08:46:24
537,52,7,syytphgrpb,2023-12-16 00:09:38
538,52,7,zaaijvmwka,2023-01-21 16:16:25
539,168,6,bguprcumgf,2023-06-25 22:35:53
540,187,8,gnxlerpiet,2023-03-20 15:24:36
541,176,7,xqdnhvlhrz,2024-06-10 12:43:29
542,97,2,efjwwxmhhv,2023-11-25 05:53:37
543,5,3,zltdsyednq,2023-10-25 03:55:24
544,110,9,acaaccoomw,2023-09-06 02:18:32
545,193,5,jagewmixoz,2023-01-12 17:56:41
546,188,8,yibtogvmgl,2023-09-09 03:19:50
547,96,6,nqwybrbnkp,2024-06-12 00:58:24
548,181,10,trvccwoazd,2023-07-30 15:16:57
549,83,3,sztsfvxftg,2024-02-13 08:41:14
550,78,7,busittqddz,2023-03-23 14:18:34
551,23,4,haryylxspr,2024-05-20 08:25:17
552,153,3,zrxubgboir,2023-09-24 00:48:23
553,96,3,ohtyloprqf,2023-07-06 10:54:00
554,37,1,ktlrtmnpnj,2023-06-02 18:17:55
555,73,4,uxkznrqjmq,2024-02-13 00:57:34
556,81,4,rzupvxxcbs,2023-02-11 17:10:25
557,11,9,wpffaksaad,2023-01-14 08:17:29
558,97,4,hppnulnwth,2024-07-20 21:19:10
559,167,7,yxiubqbyka,2023-07-08 21:11:17
560,102,9,jmjlagygof,2023-12-05 19:00:34
561,165,2,fzmqpltdpe,2024-04-12 21:57:24
562,134,4,tvnvssscvo,2023-02-08 08:26:11
563,197,2,bnsvbkocly,2024-10-23 20:25:46
564,42,3,dwswsjhrqx,2023-02-28 05:49:01
565,153,3,lrtvoazgzv,2024-01-09 19:59:28
566,57,3,qaucpnnvbl,2023-01-15 17:03:12
567,144,7,lvtaacqten,2024-01-22 04:14:44
568,131,4,ksashalqye,2024-07-08 04:04:19
569,89,3,zfyntlaqjm,2024-06-24 14:55:02
570,21,6,mkffacjcny,2024-09-30 11:23:13
571,35,6,tdcpkfkcwq,2023-04-07 11:39:14
572,128,4,adajyfgspv,2023-12-27 12:09:27
573,116,6,ivjpuqvovr,2023-05-21 21:26:37
574,116,2,auxmjwrylm,2023-06-06 05:27:08
575,200,3,kbqywdyxch,2024-04-13 04:07:30
576,198,2,kgtfzqiliw,2023-01-17 11:19:28
577,146,1,gafbjavcfv,2024-10-09 07:50:09
578,69,5,czlkjmptzd,2024-07-02 18:11:58
579,65,3,bnmktrjixk,2024-09-29 15:41:45
580,124,5,gfczheenrf,2024-04-25 23:25:04
581,62,3,cjwktofxyz,2023-07-08 07:35:10
582,193,8,iypgxpolrc,2023-01-24 10:05:56
583,46,3,aenaoeydhh,2023-12-02 13:38:16
584,3,3,ziluobeeie,2023-12-29 06:53:27
585,21,10,ludjhsxdcd,2024-04-12 10:27:09
586,142,7,bwsayjgrog,2024-06-03 05:38:44
587,40,5,afqyljsezp,2023-12-21 15:33:09
588,160,1,gowgitovkf,2024-01-08 20:10:25
589,178,4,ignjzzussr,2024-01-13 11:02:20
590,140,6,hmojeelpxd,2023-10-29 22:59:02
591,79,10,inkzvtnozl,2024-03-21 19:51:59
592,160,7,hxitugnynk,2023-11-21 06:14:59
593,187,8,ohgkwcmtbd,2023-09-02 11:50:33
594,168,7,juzvlbsiad,2024-03-12 17:35:59
595,144,3,izbguzjfew,2023-07-24 18:12:19
596,118,7,hrpbvuzaab,2024-04-03 21:30:08
597,35,8,vbivmdxksf,2024-03-01 14:13:18
598,107,7,lpqnbsyinc,2023-10-26 18:17:14
599,135,9,xvbnnfjewk,2024-04-07 07:23:01
600,161,2,hkikvjyqur,2024-01-30 18:58:45
601,114,6,pujuxbrucf,2024-02-18 03:43:12
602,149,7,whynammznx,2023-09-15 18:38:01
603,179,10,eqvjbrxqhc,2024-08-06 16:31:11
604,120,3,jowjkqocys,2023-12-26 07:18:05
605,116,7,cwbliqnodo,2023-07-16 02:44:17
606,5,1,zcoffnxlfc,2023-12-28 12:30:24
607,60,1,yvmubgdtsh,2023-03-09 21:51:55
608,34,5,cbrttpwdxo,2023-12-10 13:29:40
609,185,5,sdawkckfvn,2023-11-18 18:59:11
610,47,2,nykrozuhne,2024-06-28 19:35:46
611,64,8,bzufnxwyuq,2024-02-01 02:19:57
612,161,7,buboqngyum,2023-03-10 03:01:13
613,56,2,vqhythlgoe,2023-08-17 14:11:31
614,72,7,lwvybaygbq,2023-05-17 22:20:39
615,66,3,mcjrfdinfv,2023-05-27 02:09:57
616,70,7,vkobzgoqqv,2024-07-21 04:19:38
617,69,10,kxoiglwlmv,2023-01-08 09:19:12
618,156,9,tctmblsqok,2024-01-08 18:11:39
619,48,9,nmbvwyitus,2023-12-01 14:12:21
620,10,3,sqtfgcjslf,2024-05-02 06:13:51
621,32,3,vqaowaykeg,2023-04-02 18:14:25
622,63,4,lvghpsyjnr,2024-02-25 12:42:50
623,29,8,lgpzkzifky,2023-11-29 15:22:02
624,63,3,nisiisykqw,2024-07-24 03:12:44
625,124,10,bkkhymuuga,2024-09-20 01:40:10
626,73,5,dixtiigaja,2023-04-20 00:28:16
627,2,4,wiyjuvfjif,2024-10-22 01:14:54
628,144,5,qtyzlnwpfa,2024-02-18 08:34:09
629,135,10,wwjsnogvcw,2024-05-15 14:33:58
630,188,7,ohdjvldjgz,2023-12-27 05:24:55
631,41,9,ptejavraak,2024-04-20 08:16:48
632,86,7,kodudwggdj,2023-09-28 23:50:15
633,117,7,czvrrsdauw,2024-10-26 16:12:19
634,121,2,zdorbxvuyn,2023-08-26 03:01:27
635,171,5,vuxeagtqte,2023-03-23 12:50:18
636,133,10,hvmcrtebvi,2023-02-20 17:18:28
637,14,7,luaklpeppn,2023-10-13 23:40:58
638,135,5,tkoerjhmit,2024-08-09 14:59:38
639,107,2,ikxtbkdjbb,2023-08-09 04:32:36
640,160,10,azyugennie,2023-03-09 11:51:57
641,38,6,uytzryxmxn,2023-01-13 14:04:53
642,13,10,riikmcpszx,2024-02-20 02:03:22
643,41,10,orgufkziaq,2024-07-26 17:58:41
644,48,8,snskoctceo,2024-03-28 12:57:22
645,121,6,imbscchlmi,2023-12-11 13:40:31
646,44,6,vytgkqcncy,2023-10-16 16:40:30
647,60,6,tcgdobywnr,2023-10-03 00:57:53
648,161,4,wyfhposqct,2023-02-01 10:36:48
649,54,7,itjztxhizh,2023-11-18 00:06:36
650,91,4,jypkghsoys,2023-11-24 12:47:07
651,44,10,fltzhzwuoy,2023-05-13 10:46:34
652,43,4,rkmwzzwaqn,2023-11-01 08:13:42
653,198,1,rwuhkezlfv,2024-03-17 14:30:35
654,63,6,xpakrsqlih,2023-11-23 14:10:16
655,92,6,bcubppiqcj,2024-05-17 15:04:46
656,177,3,uivzyyvilb,2023-05-26 00:27:13
657,130,7,lmybxjeuur,2024-04-17 14:32:10
658,110,5,ujfucwmfvw,2023-11-25 13:20:57
659,149,2,ojnerwxnfz,2024-04-19 08:36:45
660,169,6,qmiivxmulc,2024-04-04 03:15:24
661,121,8,txjblfnikm,2024-05-11 03:35:44
662,89,9,twubakavtk,2024-03-31 04:55:00
663,121,9,dvpeptbjix,2023-10-22 22:50:44
664,49,7,erpiqzvdpi,2024-03-30 22:57:41
665,23,6,fedlhdypvm,2024-06-14 19:59:03
666,188,9,dbastccaok,2024-09-28 00:45:45
667,13,3,wsxyvfhzmf,2023-07-18 19:04:43
668,26,9,ofkjuifpnh,2023-01-19 12:34:20
669,169,4,nrpsocbunm,2024-06-02 19:37:20
670,81,1,snplbaporb,2023-10-11 10:21:26
671,130,6,uzvpkqdhil,2024-07-05 18:45:44
672,2,10,yayrkitcdn,2023-12-02 16:06:49
673,56,4,tnuowmtwur,2024-05-25 13:39:50
674,94,9,cvzmjrlpjg,2023-02-18 06:24:47
675,119,6,fhqfwqpdrc,2023-04-15 06:57:20
676,147,10,tugijfecmw,2024-08-16 10:47:05
677,7,10,yphvxxepqk,2024-09-01 22:31:11
678,65,4,evjairvili,2024-02-27 22:20:08
679,87,10,rqyewikhij,2023-11-05 23:05:41
680,76,6,xuaiaxuloa,2023-06-27 13:59:42
681,10,5,ptcozzogld,2023-02-01 05:47:56
682,23,7,dzzsdrsjwo,2023-02-26 17:45:35
683,80,7,lnunydfyay,2024-05-31 17:59:57
684,23,4,ufopxbudgb,2023-10-19 05:34:44
685,181,3,iagpijyxcm,2024-09-21 05:37:46
686,190,3,vudaantcrm,2024-01-07 18:29:13
687,97,9,ccjvxzwquu,2024-08-14 23:53:28
688,94,2,rszvmfotxg,2023-08-05 05:40:14
689,8,10,rkfnirargb,2023-03-23 22:58:23
690,25,2,hmmmxbkiyq,2024-03-20 16:35:18
691,135,6,ijlnbtodhg,2023-06-04 14:39:55
692,104,9,wavgmqzzyn,2023-08-03 01:30:08
693,86,3,baftgraezv,2023-09-26 00:39:42
694,176,2,kxcmpjotvz,2024-06-18 03:24:52
695,133,1,dxuzhqcoai,2024-08-05 22:44:29
696,105,1,ozmvpllper,2024-06-21 23:54:25
697,92,2,vuqpciamil,2024-05-17 17:13:34
698,42,3,qmjnuzkbon,2023-08-26 04:44:19
699,180,5,txtjdatdud,2023-11-10 07:12:49
700,194,6,hgtadgageh,2024-01-27 23:17:56
701,35,8,oymezalmyv,2024-05-15 11:23:30
702,1,10,vvxcqbtgpu,2023-12-13 15:23:47
703,77,3,xitklgjchw,2023-11-15 16:04:48
704,24,6,vvmboduqly,2024-03-26 06:19:29
705,8,2,xaihepvgxs,2023-12-17 06:33:51
706,16,8,tijcbsllul,2023-01-24 20:26:35
707,138,5,xgmlfvbuns,2024-06-16 09:05:10
708,157,10,khjrryhgrq,2024-03-15 18:06:32
709,134,6,pdfsfivkek,2023-11-24 11:14:54
710,14,10,bxrashvmps,2024-09-27 21:34:48
711,110,3,ksltmhdqwl,2023-11-11 00:49:08
712,50,2,jvafupicxh,2023-05-30 03:40:36
713,139,6,xyddewzrun,2023-02-14 03:15:41
714,53,6,uffbwlqupf,2024-07-26 22:28:43
715,90,9,uigfueirnh,2023-07-16 21:22:47
716,176,1,yavsksuubz,2024-08-05 09:24:40
717,179,7,lqsmmzqhlb,2023-10-08 10:15:17
718,119,10,rtvgeiihpa,2024-07-26 03:38:01
719,104,7,pauokesjve,2023-12-22 15:50:15
720,12,2,quqqjbofml,2024-06-16 00:51:49
721,130,7,ekaujzaowf,2023-07-10 20:19:03
722,182,6,xifqflhehu,2023-03-29 21:52:42
723,83,1,rxcimovuom,2024-05-16 09:02:34
724,156,8,gjbgogydkh,2023-10-24 00:02:21
725,123,2,jxolymsuqo,2023-10-30 04:24:44
726,89,10,vxtqsmutvm,2023-06-02 00:47:45
727,121,6,ubvuctfijx,2023-06-25 00:18:52
728,15,4,mdzcwtpamy,2023-05-02 05:24:45
729,145,2,wrooyjybyz,2023-05-27 19:36:23
730,165,3,mlrlimzitj,2024-02-25 16:13:41
731,78,8,cocommavss,2024-01-06 18:17:44
732,125,3,kclpmfcfai,2023-06-09 01:59:59
733,115,1,bulmtfvyjf,2024-08-02 13:39:42
734,32,1,naeckckwdh,2023-05-13 03:54:42
735,71,5,vpdgqazsxj,2023-02-18 23:25:49
736,11,9,vbghisjtbi,2023-03-19 21:52:56
737,73,2,ijhgtrgcwp,2023-07-02 00:16:47
738,136,8,umpmpyydfw,2023-06-08 21:48:07
739,13,8,hwwgoqshsm,2024-02-27 13:07:57
740,113,9,gjwmugyewg,2023-03-12 10:27:51
741,118,6,tkjktsjukh,2024-09-14 11:41:53
742,50,1,mciyhqazjs,2024-01-19 11:33:06
743,66,1,nejleayoyg,2023-10-14 07:08:18
744,164,1,synttujlut,2023-03-15 07:44:17
745,144,1,ketdrtlwxh,2023-06-11 16:21:30
746,52,1,mgeerwfspb,2024-06-19 21:25:47
747,173,7,qjnjpnczqj,2024-01-19 11:03:18
748,36,1,fkstlzcxox,2024-05-18 16:38:52
749,192,4,dhhydfecww,2024-02-09 04:01:51
750,16,2,bpxuekxduh,2024-03-23 14:10:51
751,155,6,gfhjlyoxki,2024-04-27 17:18:02
752,70,9,wftmcvedmy,2023-01-12 04:08:30
753,130,10,pdmaebbegi,2023-10-14 09:55:05
754,144,1,mlgfvfapwk,2024-10-25 13:50:51
755,56,7,ondnbktmri,2024-04-30 04:47:34
756,192,3,ygqkcarlgr,2023-06-07 04:44:18
757,41,7,hyrebwsgns,2023-07-13 22:31:15
758,156,5,ivplrmorpr,2024-04-17 21:08:37
759,58,1,yqwlacxeml,2024-03-14 15:43:59
760,165,7,nnndfahhqo,2024-05-30 06:26:15
761,44,1,fweqjrupee,2024-06-12 04:04:29
762,125,5,lzwkemtjml,2023-03-20 08:43:38
763,66,8,vgwkrygylr,2023-03-11 01:27:34
764,163,10,nbqkxeubfi,2023-07-22 18:24:04
765,125,6,ihzhvzgnux,2023-06-22 06:37:30
766,56,4,hajifuwkfd,2023-01-04 00:44:41
767,103,2,uohiwvcecz,2023-09-07 10:45:32
768,130,5,awngovbfhs,2023-07-30 13:42:37
769,155,10,zdjgrixjwk,2023-06-23 17:15:55
770,191,7,fckagurvam,2024-02-10 09:38:40
771,68,9,uohugwnsmc,2023-04-01 06:23:32
772,111,2,kohpzvpafu,2023-05-09 04:51:23
773,17,4,xzdprktwld,2023-09-09 22:33:47
774,189,2,irotmtevtt,2023-10-31 14:13:13
775,83,4,mqzybfwhqz,2024-02-25 01:53:31
776,73,1,xzpvjcpinx,2023-07-15 12:59:09
777,146,4,dqrzsrdgji,2023-02-14 05:27:37
778,87,7,ypurokkamy,2024-06-14 19:28:09
779,127,3,uipqrpfmox,2023-10-19 12:41:48
780,10,8,hoibgmcndz,2023-01-16 21:59:00
781,135,9,vfsfzpbxay,2024-01-27 22:25:58
782,43,8,igtequqpmp,2023-10-17 04:47:50
783,109,4,tfkxtjuyhy,2023-09-24 09:28:28
784,61,7,wplpurkngj,2023-12-11 09:46:42
785,42,3,ondoffwxch,2023-11-10 18:31:48
786,163,4,dijofmsqns,2023-04-25 08:58:43
787,182,5,tsxzrbjafu,2024-01-25 09:25:05
788,148,10,aqemwuzers,2024-06-14 08:00:31
789,152,6,vkdpbsbgef,2023-05-04 20:10:02
790,70,8,clvzckgobf,2023-08-19 17:15:30
791,116,2,vbyrmdfxrq,2024-02-25 18:36:52
792,181,3,iqjlcqmpgj,2023-10-21 22:55:48
793,19,8,pxoeefskzf,2023-09-07 09:49:54
794,90,3,dbqzkgirjy,2023-02-10 03:04:51
795,34,6,vknjgkxiwe,2023-07-16 12:13:04
796,125,5,drsiirujhd,2024-08-20 02:23:25
797,48,2,yajkvqalse,2023-05-10 12:03:50
798,151,10,uzezmzrjqq,2023-02-16 10:18:35
799,196,5,ncwrxkvbdk,2024-01-31 21:01:36
800,91,3,vwskoyvakx,2024-04-22 10:29:12
801,69,2,vhtyedudyf,2023-12-20 16:05:45
802,130,1,urdhmtghem,2024-07-06 08:29:54
803,104,7,rhigamndti,2024-02-11 10:16:13
804,18,5,pmdawvexhr,2023-12-28 06:09:21
805,107,2,twcsjyfiiu,2023-10-11 09:42:35
806,170,8,cktivqggtn,2023-01-11 16:44:06
807,131,1,zbmxgwzukz,2023-11-11 08:03:25
808,48,1,puzcfdniyf,2023-06-08 06:38:23
809,170,7,spfpupzyws,2024-03-08 04:25:06
810,57,10,mkshmnmzec,2023-10-18 07:42:13
811,58,1,uevcyetwwr,2024-03-22 10:09:38
812,101,9,rkwtppnsab,2023-10-19 21:41:51
813,8,6,pxekxqmymk,2024-06-06 23:58:37
814,60,10,udjfbisjma,2023-08-17 15:49:44
815,129,5,gufhftnluf,2024-06-14 19:18:00
816,76,1,arlwlqpcdr,2023-12-01 01:24:45
817,148,2,hpntqiacnp,2024-05-27 20:12:26
818,77,3,naggudadli,2023-12-18 18:26:28
819,162,7,pfdltsuuqg,2024-10-05 04:57:59
820,120,7,qibhwmtcob,2024-10-17 00:05:04
821,186,4,ickbqldbyp,2024-03-06 04:38:50
822,94,4,bkrvyeglta,2023-07-24 11:15:33
823,123,2,kqptjvvtje,2023-10-19 03:38:23
824,70,2,zhtwvygnzu,2024-01-06 13:07:33
825,53,8,ghotcniwcy,2023-02-15 13:38:51
826,72,4,mojxxsshfq,2024-09-06 09:06:09
827,153,1,shicjyqmzb,2024-10-31 03:58:37
828,184,3,wgktjophge,2023-05-26 13:37:02
829,19,4,dqhswgmttr,2023-02-10 18:58:24
830,17,5,onrygrikij,2023-10-10 12:07:04
831,137,8,kmrdwncefi,2023-05-09 18:15:18
832,157,4,zfwvfzloqw,2024-07-03 19:35:04
833,85,3,rcuujxrzbz,2024-05-22 16:21:53
834,24,5,vqcpndliev,2024-01-05 01:11:35
835,154,6,hfqdxiwaqg,2024-06-03 04:00:29
836,96,3,wzugpkpmdu,2024-01-18 01:23:04
837,51,7,huhnqekgvr,2024-04-11 11:39:49
838,69,3,xnrthkwycd,2023-09-14 03:55:22
839,36,1,wdpxirbvtp,2023-01-04 19:55:40
840,80,9,pskvjmdodd,2023-08-01 00:41:30
841,104,8,rbfpxmqzof,2023-07-28 14:30:44
842,195,9,vhtzyragzm,2024-10-13 22:41:52
843,105,5,zymytyfahe,2023-06-25 16:37:16
844,76,5,mpdqlooedi,2024-03-02 07:33:26
845,191,7,mucuphhlqa,2024-01-25 00:06:10
846,34,10,tjumrwhfhr,2024-10-03 12:45:38
847,21,2,rrjymttwpw,2024-05-12 15:10:28
848,196,2,aumemjcvub,2024-04-11 19:17:52
849,155,6,zoeobwugkl,2024-01-16 21:49:22
850,97,6,szbuenmxpa,2023-03-14 02:29:50
851,8,1,zileawgfgr,2023-04-21 19:18:20
852,71,3,jvysiemkhq,2024-02-21 02:04:47
853,95,5,xcxfxscjdw,2024-04-05 10:34:12
854,10,5,sqpxeikylg,2023-04-10 08:32:32
855,30,8,rygikapqxg,2024-06-17 16:05:50
856,159,10,mjgbdtzgdt,2023-07-15 19:56:21
857,184,9,vfwzwmtqhj,2024-06-19 23:07:14
858,57,1,adogiomzmb,2023-10-20 09:55:48
859,36,9,rrgreoxzat,2024-02-05 03:00:24
860,187,8,nuwbfwdwrc,2023-02-07 15:54:55
861,127,7,jjzwzpsjlk,2023-03-09 02:58:15
862,88,4,nrrehmizay,2024-06-21 23:19:40
863,59,10,vmksojgkyx,2024-09-13 02:35:11
864,149,6,hbtauuswrq,2023-04-02 08:51:31
865,89,10,mjqcjdufkc,2023-01-26 04:18:38
866,3,3,cdrwoupvbc,2023-11-27 23:27:31
867,64,1,aaxefzxokb,2023-07-26 10:37:42
868,49,8,lwgiuullnm,2023-01-26 13:58:13
869,99,5,wlfojgplwg,2023-04-16 06:10:17
870,35,10,syxbzaxtjo,2024-03-15 14:55:51
871,184,9,hmxapkpbyf,2023-11-21 12:47:05
872,177,2,pclignhkal,2023-04-29 21:25:19
873,177,9,iygqxorniv,2023-12-11 13:09:46
874,185,5,edixfgnjdw,2023-10-06 13:23:46
875,121,5,gfgmsewwkc,2023-04-24 05:28:59
876,178,3,bpzgmjpkdt,2024-03-17 01:35:16
877,122,10,kpozficbmt,2023-12-13 21:57:27
878,25,2,nbwctztjyl,2023-01-15 05:47:52
879,47,2,luaehmxopc,2023-05-31 19:30:03
880,27,4,gjndugsjda,2024-05-27 01:37:43
881,65,9,fzraixjjfw,2023-10-12 06:15:37
882,41,3,hiicmvnqta,2023-07-07 20:19:05
883,114,9,xwxlzxooxj,2024-03-06 05:54:20
884,187,4,hgdzdxorqy,2023-10-25 18:30:44
885,90,10,pkzbagtabm,2024-10-03 03:11:26
886,2,10,fcgaiwitcc,2024-08-10 07:47:41
887,166,9,vhlracownv,2023-03-16 04:47:14
888,7,5,usjxvvhhjl,2024-10-23 03:45:01
889,173,3,gnnakhkcqv,2023-01-26 03:10:37
890,156,9,athjwkcsmu,2024-04-24 07:30:10
891,125,4,tpkhzkccja,2023-09-07 21:04:41
892,92,4,lnxenafrsg,2024-01-17 05:10:38
893,27,7,httnykvsov,2023-08-18 01:43:52
894,152,4,ikgeainnzs,2024-05-23 19:10:16
895,7,10,qdsslibcid,2023-04-26 05:06:41
896,85,1,zvvfwejcpu,2024-07-30 04:21:25
897,31,5,ogfibxsbev,2024-01-28 11:00:49
898,177,7,cpnfssmwhr,2023-03-11 01:21:02
899,133,4,welycrubsj,2024-01-30 17:49:16
900,145,2,oojtiemswl,2024-06-05 02:08:10
901,124,2,pcwxotpauo,2023-08-12 01:53:45
902,154,5,xochvzpmnm,2023-03-28 05:57:03
903,25,9,ahlxwwuixk,2024-07-16 16:22:02
904,38,9,dzjvggwqeg,2023-03-08 06:13:12
905,72,6,hehmozpzdc,2023-05-13 12:06:11
906,101,10,xfuraqexpu,2023-03-04 19:22:26
907,141,6,vdwtkbqhld,2023-07-02 23:21:43
908,44,9,xxcumfjczp,2024-08-07 00:57:43
909,164,8,fukfovsuce,2024-07-04 15:10:29
910,93,8,fqwfbvobet,2023-06-22 07:39:57
911,175,8,nwtgcgdvrw,2024-10-15 21:29:07
912,46,1,umzlhwhrcg,2023-08-12 07:30:36
913,154,7,kaftqsonva,2023-05-02 17:33:20
914,111,5,zgcjodldbw,2024-06-28 14:04:20
915,36,3,rklyzitwnd,2024-01-14 15:42:07
916,62,8,xpcshxnvlc,2023-08-25 15:35:42
917,62,1,wkjbrxrlwu,2023-10-15 12:17:07
918,13,10,nchrramylc,2023-07-14 11:40:40
919,166,2,hiijsxymrp,2024-03-17 23:27:16
920,9,6,fiyvizjoew,2023-07-08 09:44:40
921,62,3,zzxzdcxamj,2024-03-29 12:35:27
922,148,4,pgbfdvyxyj,2024-06-27 02:33:55
923,83,3,wquyzdxoca,2023-01-20 07:24:14
924,66,6,fghxkbjpmt,2024-07-14 00:12:05
925,44,2,vvkyzvkndn,2023-05-27 01:08:17
926,36,6,ziadmokszc,2024-01-20 23:33:03
927,134,9,sptdgzvlfk,2024-05-10 00:06:37
928,162,8,kyqmyemufx,2023-06-19 02:13:01
929,184,1,lautlwviop,2023-09-25 18:35:24
930,12,2,mtrkxzuxog,2024-06-12 23:30:39
931,71,8,oddryfilya,2024-01-19 19:32:15
932,18,2,rlsdkfdoqp,2024-10-02 00:03:44
933,51,1,athdioqizf,2023-02-01 11:13:06
934,82,3,gcxkxmycao,2023-09-29 08:42:47
935,163,4,bdiiepkrss,2023-03-24 04:05:22
936,111,2,arwaoplidj,2024-09-05 08:58:19
937,126,10,wusxnmyicn,2023-07-27 02:11:52
938,103,10,sgliobqakf,2023-03-24 15:40:32
939,156,3,idelzpmhsz,2024-01-12 20:33:26
940,35,7,vpcrhwftpy,2023-06-29 10:23:18
941,169,6,zpdihrdqhf,2024-03-21 19:16:24
942,38,3,lazgzzyzhv,2024-04-05 16:29:54
943,88,2,lvdpmhdtff,2024-03-25 18:47:16
944,153,2,bmhrkxhxcs,2024-03-13 04:07:37
945,18,9,ornzvanpzr,2024-01-04 21:50:41
946,36,2,iirdyizswf,2024-04-14 04:24:39
947,88,2,pmvuuvmbks,2024-06-03 00:14:40
948,116,10,talssvtvbo,2023-08-28 07:46:04
949,172,7,tdmbpoybpv,2024-03-02 23:26:35
950,196,1,bojoomvozx,2023-07-17 09:32:48
951,55,3,meshrdyjle,2024-01-11 02:18:01
952,15,1,cfhjrmrypp,2024-01-21 15:54:54
953,143,9,alsskziyre,2024-01-13 13:50:09
954,86,1,nnaruudvrx,2024-09-15 17:11:42
955,124,3,oceemnxfvj,2024-01-21 15:27:43
956,81,2,auknewrbee,2023-11-26 17:39:10
957,94,6,qnemsdwkjo,2023-04-27 01:28:30
958,74,5,aanqyptxqf,2023-10-29 08:06:28
959,68,5,knjccnfpvl,2023-08-30 05:34:11
960,178,4,awwcykitos,2023-12-11 15:34:13
961,132,8,pdkczrnqcn,2023-06-29 16:06:14
962,90,3,kdgftnhxao,2023-06-25 05:38:21
963,140,10,iykhefhtkm,2024-05-01 09:12:23
964,80,1,nhzpfjuftq,2024-06-22 11:41:00
965,88,4,uogobyjgkp,2024-01-07 19:19:21
966,121,6,dpdxonqmve,2023-01-14 19:24:20
967,136,8,eqymtieare,2023-11-02 18:30:35
968,131,6,cywzizgxlq,2023-02-10 16:03:38
969,184,10,ihplgncnue,2024-06-05 21:27:32
970,89,5,ptvvplihjy,2023-09-11 16:13:16
971,189,10,dagmvyfgsq,2024-06-13 07:35:17
972,171,1,dvghhbicjc,2024-03-29 20:55:01
973,177,8,nlpdwincwi,2023-01-10 23:34:41
974,164,10,ymhigbqnbq,2024-04-10 03:15:09
975,68,8,deazugoepf,2024-03-24 09:48:44
976,80,4,qzqbaqfunl,2023-08-20 13:10:56
977,192,10,umngsxsikv,2024-10-16 01:35:18
978,90,5,kxuldctwws,2023-09-13 00:11:36
979,115,5,clayafhlgg,2023-02-15 21:45:14
980,15,2,drgllnbdes,2023-12-08 15:26:34
981,8,10,qmqhrznuyp,2023-02-26 07:09:41
982,22,4,bbpxpyqjar,2024-09-28 06:39:41
983,119,1,ljrjazjqtf,2024-07-12 09:45:20
984,166,6,xoeizoxsyy,2023-08-28 06:10:35
985,39,3,rvopsupkpl,2024-08-20 18:42:57
986,9,9,iiskdeclmi,2023-10-25 15:03:57
987,126,9,nspjxtoeii,2023-03-05 22:23:53
988,179,8,tzkaiakamt,2023-11-18 09:39:17
989,135,5,hldudxesyj,2023-03-08 03:14:48
990,84,5,mzgliwwcaa,2024-01-03 14:26:21
991,153,2,ymnwplsayz,2024-08-26 10:17:48
992,124,8,uxwdjzlrer,2024-05-06 18:34:34
993,26,8,ozrgwtcajy,2023-05-14 12:09:04
994,91,7,dmkmhkckmv,2023-11-12 04:43:58
995,44,3,dsjnhaemqy,2024-08-28 19:37:44
996,6,9,xlukzgkcdv,2024-02-26 15:43:46
997,114,10,phjroszlpu,2023-01-05 13:18:04
998,187,10,mnyrjxxyva,2024-09-14 13:33:17
999,26,4,vevrkrpkii,2023-11-27 15:37:45
1000,195,3,nesjdjyekq,2024-03-27 09:31:53
